,Parent location,Green house gases emissions per capita (tonnes CO2e) (2012),Obesity rate of adult (2016),Pm2.5ug/m3 (2019),Mean BMI 18+years (2016),life expectancy at birth (2019),Daily smoking prevalence (2012),Vegetable consumption-per-capita (2019),Poultry kgpercapita(2019),Beef kgpercapit(2019),Sheep & goat Kgpercapita(2019),Pig Kgpercapita(2019),Other meat Kgpercapita(2019),Fish & seafood Kgpercapita (2019),Fruit Kgpercapita (2019),Median age (2019),Share without improved water (2019),"Alcohol consumption per capita (liters of pure alcohol, 15+ years of age) (2018) ",Lung cancer ASR Incidence (2022)
0,0.4000000000000001,0.0,0.0752212389380531,0.9884403036576951,0.24137931034482718,0.3718293046851684,0.24855489892746252,0.1488418040120955,0.019395199014576515,0.06024148507408231,0.1397306377151366,0.00018444017155871026,0.007195861597930292,0.0,0.09662000981915417,0.05722891566265059,0.4806070826306914,0.012673345638172386,0.14668833807395368
2,0.0,0.03601156575834574,0.5597345132743364,0.3015873015873016,0.4224137931034482,0.7872276932259021,0.22832368622406435,0.5391968832653254,0.08823288297861931,0.11284672934241435,0.3290585157667957,0.0003692220453850929,0.007899545835166093,0.04112460437223187,0.3022179270582075,0.39156626506024084,0.01386546749109987,0.06177426708421992,0.21576594880130032
3,0.0,0.009375273810566897,0.1349557522123894,0.3788819875776398,0.23275862068965503,0.36735302894658295,0.1560693493601532,0.04436366834182584,0.1336799484184424,0.093484840452624,0.0322264962218758,0.13906037077003358,0.007254402045186758,0.16396185209264022,0.18642015953278884,0.05120481927710846,0.6338767097620386,0.45922632787993495,0.04510361641609103
4,0.6000000000000001,0.032243932357837554,0.40044247787610626,0.4991373360938579,0.4913793103448276,0.7544016711429422,0.6763005678438978,0.5925297732976686,0.27608235048905044,0.6193375126637111,0.135720238823752,0.17205234732244595,0.0019333396849022606,0.06310768834986388,0.3160666315970048,0.5813253012048193,0.0005621135469364812,0.3669962268676561,0.5469321414059326
5,1.0000000000000002,0.28826776482958033,0.5951327433628318,0.06435472739820568,0.5603448275862071,0.963592957326171,0.37572249273280384,0.2121699298868448,0.701945823226179,0.6308810057732009,0.38070020054057213,0.5190876241811232,0.0206157546472812,0.27965075338123435,0.17479575543624074,0.6626506024096385,0.0005621135469364812,0.6961051106662011,0.49613978057700125
6,0.6000000000000001,0.0888460527468676,0.3982300884955753,0.10886818495514149,0.4310344827586208,0.9221128021486122,0.7514450143673401,0.2532972113261517,0.22052664775849917,0.3913015345061277,0.04731475761333826,0.8622248033215951,0.013712423590464479,0.16548594672632153,0.23840117905708313,0.8433734939759036,0.0,0.7923163637035348,0.5266151970743601
7,0.6000000000000001,0.04810304039253484,0.39380530973451333,0.3354037267080746,0.5603448275862071,0.6171292151596539,0.552023089478434,0.46828433166136146,0.19974111022963273,0.2934218700266884,0.3300303985888467,0.00988948367139273,0.0,0.019340323245639095,0.23346539068083677,0.4879518072289156,0.06651676972081694,0.291354243473422,0.26655830963023164
8,0.2,0.10943660737755191,0.6526548672566372,0.0,0.6379310344827587,0.6702476872575347,0.19653178054729592,0.24174045719414786,0.7405178229010002,0.15334581907471176,0.0642482292836153,0.4299787595233484,0.0024405825246029958,0.2714093692654585,0.3722093876390847,0.5240963855421686,0.020798201236649806,0.3159047284203496,0.14465664364079645
9,0.4000000000000001,0.21615701393148165,0.6128318584070797,0.8043478260869567,0.3620689655172413,0.74783646672635,0.4537571992047862,0.32759594039577894,0.6708913806330609,0.2610459501945996,1.0,0.016291742246471567,0.018984945537140155,0.21294071412067825,0.2587665523511291,0.5060240963855421,0.0,0.07106363367412168,0.2198293376676148
10,0.8,0.0051695435030228686,0.033185840707964605,0.70376121463078,0.09482758620689635,0.701283199045061,0.552023089478434,0.0860158838962406,0.015962718066775832,0.02267244995119948,0.05697498731403524,0.0,0.0,0.3071408105361521,0.06674799176000791,0.3343373493975903,0.023796140153644372,0.0,0.17513206013815524
11,0.2,0.04275825812669763,0.4646017699115045,0.07919254658385093,0.6206896551724139,0.7544016711429422,0.07803467757024986,0.17286365771698778,0.7194956878795444,0.253540077445461,0.1474969558133671,0.17051200440719017,0.0014164717292727172,0.5109471547969412,0.18883592310791153,0.72289156626506,0.02285928424208357,0.6416959380722735,0.2035757822023568
12,0.6000000000000001,0.096381319547884,0.49557522123893816,0.17736369910282956,0.517241379310345,0.7179946284691137,0.6820808854288505,0.39648443829157837,0.3857826488540531,0.46561784648053395,0.00474238953341778,0.6843928349905466,0.005404441452108779,0.13122832945121077,0.18681659994104033,0.7620481927710844,0.0022484541877459247,0.7584765240314773,0.4758228362454287
13,0.6000000000000001,0.09988609480417068,0.44247787610619477,0.10455486542443067,0.4741379310344829,0.9152491793494475,0.6589594994821099,0.34040077541557456,0.17617776220312073,0.3467994535898497,0.04662940003577066,0.5802892654360795,0.04505263943410748,0.2635346595824812,0.2865031500824684,0.7921686746987951,0.0,0.7339260707239329,0.7602600568874441
14,0.2,0.035661088232717075,0.48672566371681425,0.09161490683229816,0.732758620689655,0.7060578931662187,0.16184969006649186,0.0956870427922084,0.3892959027887885,0.09622724701410468,0.0032460696159151764,0.3977257461708104,0.0064736534109238785,0.15437033389591273,0.21981753720935024,0.2981927710843373,0.006557991380925614,0.41145244030048433,0.16497358797236897
15,0.0,0.02505914308244984,0.16592920353982302,0.4539337474120084,0.24999999999999978,0.3783945091017604,0.12716761692672734,0.15053230438624304,0.13533402951679369,0.07880278261062715,0.03106883732495977,0.012308101581308732,0.015268898371993325,0.1832397686016016,0.0965125337491266,0.09036144578313243,0.477796514896009,0.18519009455375204,0.016659894351889477
16,0.8,0.03320774555331639,0.09513274336283187,0.3605935127674259,0.2844827586206893,0.6672635034318111,0.22254333973737922,0.1325744135540622,0.052776431432510484,0.22046026539567712,0.01206467241332309,0.03459440636683984,0.0,0.08187151403606269,0.1102916973774105,0.37951807228915657,0.004496908375491849,0.027270917894342394,0.13449817147501017
17,0.2,0.5268553404012968,0.40044247787610626,0.3455831608005522,0.517241379310345,0.6383169203222918,0.6098265543452858,0.08397732147503897,0.5957832848819078,0.5413068121981298,0.12929204429640398,0.18402430561557828,0.042805665912913356,0.028172407870523802,0.25236374806238665,0.27409638554216864,0.13190931234776093,0.2926812941484414,0.13652986590816743
18,0.6000000000000001,0.059931656882502404,0.34955752212389385,0.3621463077984818,0.4482758620689655,0.7758877946881526,0.8063583637943141,0.6409419742097812,0.2907659015890772,0.3261168178452619,0.01748011682816987,0.17554946676866703,0.00611193893533416,0.07875269153336018,0.24356914405881164,0.8042168674698794,0.0011242270938729624,0.4731603757873267,0.7501015847216579
19,0.0,0.3391746254271445,0.37168141592920356,0.1314699792960663,0.3189655172413792,0.3431811399582212,0.2947976708209439,0.11093260378982076,0.04066783087047797,0.12790201575668628,0.09057777622823718,0.00826931390579536,0.25678240856932666,0.024148745528288586,0.058449603356039034,0.2620481927710844,0.05789769533445756,0.4360029252474113,0.053230394148720044
20,0.2,0.12547095417506351,0.44247787610619477,0.09903381642512078,0.517241379310345,0.7505222321695015,0.30346819055097163,0.11527089883651165,0.6740563322195852,0.9037601693637051,0.025795959856940012,0.26186754316289285,0.012172259619504149,0.09059241252731959,0.270764795617602,0.5301204819277108,0.013115982761851228,0.4910755757197747,0.27265339292970336
22,0.0,0.018049592569876458,0.07743362831858408,0.6131815044858524,0.13793103448275845,0.35660996717397775,0.2080924735206663,0.14696295508696855,0.1343854947204587,0.14644063445239489,0.16633332219713384,0.2806264116735163,0.009164755549637258,0.0998788844132168,0.1686391816553537,0.05722891566265059,0.4129660858160015,0.7969610252464082,0.02275497765136124
23,0.0,0.0007009550512573392,0.07300884955752213,0.3933747412008282,0.09482758620689635,0.39062966278722766,0.30635836379431425,0.08228893082713293,0.0011424473535653103,0.024869480173389576,0.035739056439256574,0.01511397290524424,0.0013426923332737356,0.026133210906486556,0.20925788060622416,0.027108433734939763,0.3451377178189995,0.4758144771373642,0.05729378301503455
24,1.0000000000000002,0.0703583632699553,0.03982300884955752,0.2173913043478261,0.13793103448275845,0.5780364070426738,0.46820806542149906,0.0777272748651967,0.019066217490640792,0.08816977077078784,0.0,0.10542885795411096,0.0,0.5487141291003431,0.03501755200282369,0.34337349397590355,0.3076634813565674,0.43932053611526656,0.28484355952864693
25,0.0,0.03680014019101026,0.20575221238938057,0.8828502415458939,0.3189655172413792,0.3464637421665173,0.10693641000367572,0.29078632467749377,0.04184694750221914,0.07135244044759251,0.05358377998795834,0.023341088595304097,0.06545900202839981,0.2265510938078421,0.3212778819665633,0.08734939759036142,0.413528199362938,0.37363148024275117,0.04510361641609103
26,0.2,0.2538333479365636,0.6039823008849557,0.02053140096618357,0.5431034482758619,0.9397194867203815,0.32369940325436974,0.25335347069259084,0.5839406572331114,0.6247827207865778,0.04274557766823676,0.45224044251798756,0.01056980072344278,0.2401029513928783,0.2618493960617755,0.7650602409638553,0.01461495222034851,0.5919314902999858,0.5692807801706623
27,0.0,0.9999999999999999,0.11946902654867256,0.37957211870255353,0.1982758620689653,0.07012831990450596,0.14739882384977893,0.028830443898353642,0.027311666193104548,0.45619315941582833,0.24647684488873114,0.08039981509256067,0.11840027393791329,0.07570601659718018,0.12446786474900011,0.0060240963855421326,0.6928986321903691,0.15665848922115141,0.028850060950832992
28,0.0,0.07053360203276965,0.08849557522123894,0.6202553485162181,0.1120689655172411,0.2649955237242614,0.10693641000367572,0.0,0.0,0.6543539625083099,0.6923105297673443,0.002716146461282972,0.018459184278788336,0.07432824480006248,0.004160555873690262,0.015060240963855442,0.7436762225969645,0.08964235894407939,0.024786672084518492
29,0.2,0.055901165337772715,0.5730088495575223,0.2638026224982747,0.6379310344827587,0.8949567293345266,0.7312138305656745,0.17466209906567975,0.5515328294484003,0.5691845037978803,0.016104193005598486,0.42179394642753026,0.01766417180910982,0.1694703020944539,0.1510957424093093,0.5993975903614456,0.0,0.6005573355073005,0.22998780983340106
30,1.0000000000000002,0.07561552615438535,0.09070796460176991,0.5684955141476882,0.2758620689655171,0.7961802447030735,0.6242774205619988,0.9999999999999999,0.20998662509707947,0.14708604107404713,0.14845854102143108,0.6649437132496099,0.012084555883597038,0.4694592273287146,0.2851635924127342,0.680722891566265,0.10043095371931798,0.46652512241223165,0.6891507517269403
31,0.2,0.02724962761762902,0.4469026548672567,0.15251897860593516,0.482758620689655,0.8522829006266783,0.23121385946740697,0.1310432817397597,0.5151080904180723,0.3543845117550681,0.002028438644704571,0.2075526675630278,0.0027739377058584743,0.10132149583960956,0.4104406372374522,0.4698795180722891,0.0468427955780401,0.37960319246064456,0.19544900446972777
32,0.0,0.0016647682467361789,0.1261061946902655,0.15821256038647347,0.336206896551724,0.4965681886004174,0.20520230027732367,0.01277951563097375,0.012296484419218923,0.06351759298134338,0.02567030348516395,0.0005909602097414666,0.0009916594404894637,0.17996648080202138,0.16725341281478542,0.15662650602409645,0.16732246580475924,0.04452259248928115,0.028850060950832992
33,0.2,0.01796197318846929,0.5221238938053098,0.16390614216701171,0.5775862068965518,0.8982393315428228,0.25433524541414765,0.07869185560720218,0.546434056386246,0.29795427017096426,0.0004015218061481042,0.23723439881935826,0.0,0.20635301013049717,0.23815931070915014,0.5301204819277108,0.0,0.321876440638243,0.09183258837870786
34,0.0,0.008499079996495226,0.18141592920353983,0.607487922705314,0.2758620689655171,0.3631751715905698,0.2023121270339811,0.08154011438154893,0.03474075065245606,0.02528456810858271,0.025458909163153437,0.02017139170462626,0.13418535850896135,0.26964375521730827,0.19575765926111607,0.08734939759036142,0.3777403035413154,0.178554841178657,0.03494514425030476
35,0.2,0.03522299132568124,0.4977876106194691,0.14009661835748793,0.4310344827586208,0.8060280513279618,0.3843930413645641,0.2981566492911771,0.41053137553463553,0.18345246090417736,0.04253153209486392,0.407863224749411,0.06370219631998947,0.06676558813984249,0.4315208709176927,0.7981927710843372,0.03185310099306727,0.3855749363179219,0.5611540024380334
36,0.6000000000000001,0.052221151318671694,0.43584070796460184,0.16080055210489996,0.5344827586206897,0.9665771411518946,0.8179190278659522,0.19003077288409023,0.4283443291798218,0.1645705718317959,0.20119632712502347,0.7169440595665062,0.013936867893865374,0.28898243250684846,0.17635939068402862,0.6686746987951807,0.00430953719317969,0.7160109024308721,0.5225518082080456
38,0.0,0.09673179707351266,0.1017699115044248,0.45514147688060735,0.1206896551724137,0.34616532378394504,0.13583814243710157,0.0004527771993708199,0.017043914697418852,0.0,0.01054196471841688,0.012550878112567054,0.02892175848855153,0.04428466544175316,0.16625212457280997,0.03614457831325302,0.7759040659546561,0.13144449475640738,0.026818366517675746
39,0.6000000000000001,0.07894506264785771,0.3893805309734514,0.07694962042788132,0.4051724137931034,0.9122649955237239,0.4450867083764908,0.23879066416778458,0.3568093685859559,0.5905011883056203,0.02940350201385899,0.4219855267664579,0.021344339754179535,0.3054148128920058,0.1568703602764538,0.8042168674698794,0.0,0.6795169614087718,0.7297846403900853
40,0.4000000000000001,0.022342942258827655,0.25221238938053103,0.25500345065562463,0.2931034482758619,0.4494180841539839,0.5260115302883508,0.16943543279232953,0.039362936136450075,0.13303880393623468,0.16901996402387395,0.0021579351543585972,0.01525048020488373,0.03356225479774704,0.06391843941648273,0.2650602409638554,0.17331834363874837,0.027270917894342394,0.04307192198293377
41,0.2,0.023657232979935165,0.5641592920353984,0.0412353347135956,0.5086206896551724,0.6592062071023572,0.22543351298072178,0.25305419171974375,0.5002605470831967,0.1488853102412841,0.008382152220737486,0.19679865994112614,0.002046927216505119,0.0948758951873408,1.0,0.3644578313253012,0.05452501405283868,0.4419746374653047,0.25639983746444533
42,0.2,0.024796284938228337,0.39380530973451333,0.19582470669427193,0.5775862068965518,0.8266189197254548,0.08959537343379344,0.03905757849616846,0.2624130267269431,0.3174668252330572,0.012154805657005972,0.2553430258603792,0.001385165177896706,0.09366979838118333,0.14897372414687582,0.37650602409638545,0.0927487352445194,0.27742019556603087,0.10402275497765137
43,0.4000000000000001,0.024358188031192503,0.6615044247787611,1.0000000000000002,0.7758620689655171,0.6287675320799755,0.4364161597447306,0.35721756639569857,0.22136275309584183,0.19593267495538166,0.020759330524045008,0.00017405143377246043,0.02168594791888632,0.3032177668275891,0.23698567438396773,0.2801204819277108,0.007120104927862095,0.022626236576852938,0.14465664364079645
44,0.2,0.012529571541224919,0.4977876106194691,0.2924430641821946,0.6120689655172413,0.7245598328857055,0.1705202155768662,0.20841337380225003,0.35931656870879297,0.20863838183238803,0.0008312504191242142,0.08449017618798856,0.0,0.07476316962354584,0.19879121852801493,0.3343373493975903,0.03766160764474424,0.2568509101032367,0.08370581064607885
45,0.6000000000000001,0.14912818715499868,0.422566371681416,0.01984126984126984,0.4999999999999998,0.8394509101760663,0.6647398170670625,0.20266977112125487,0.3082835503765827,0.18763660255600187,0.015353485620995871,0.6847014474405511,0.0029928871646545605,0.16727953839469584,0.19924912734393502,0.8072289156626505,0.007682218474798576,0.6111737409074525,0.5245835026412028
46,0.0,0.012354332778410585,0.05309734513274337,0.2864044168391995,0.0,0.5356609967173975,0.011560692973370354,0.01847836751554662,0.0006648134481377138,0.0802867040325428,0.09056746648037665,0.00035968752664398713,0.025350061098129116,0.001963148353803279,0.007635215336226908,0.11144578313253017,0.48941352819936296,0.1553314227264407,0.061357171881349044
47,1.0000000000000002,0.017436256900026287,0.6216814159292036,0.037267080745341616,0.6120689655172413,0.5150701283199046,0.31791905676768456,0.15498602739540757,0.5420245840185376,0.06958388420811353,0.22651958362693933,0.06902167893962571,0.0,0.33497482715612886,0.09803639931172645,0.35843373493975905,0.10755105864718008,0.21902991840611957,0.11418122714343765
49,0.6000000000000001,0.061421186366424255,0.4314159292035399,0.09075224292615601,0.3793103448275861,0.9468815279021188,0.6936415495004884,0.2423837766319614,0.3146814358378671,0.5257008933619972,0.10348889309709598,0.580959412069935,0.028202150619114342,0.3903597554782388,0.24139608646070781,0.8072289156626505,0.0,0.8168668170110791,0.6911824461600975
51,0.0,0.012003855252781914,0.18141592920353983,0.5848861283643894,0.2931034482758619,0.4392718591465232,0.25433524541414765,0.01831524476603993,0.14554808210588616,0.0747702609945463,0.02422268990664764,0.008225108692817793,0.012939493424121129,0.2799194065161971,0.0,0.06325301204819278,0.20048716507401163,0.2342910169885301,0.08573750507923608
52,0.6000000000000001,0.02830106019451503,0.43362831858407086,0.2391304347826087,0.6034482758620692,0.6723366159355413,0.5606936381101943,0.16105269093162194,0.27314204043949963,0.1732193549058227,0.03343842103683625,0.19001674890472153,0.022961624585678814,0.11986340285465771,0.108177925632315,0.6566265060240964,0.05208918868278059,0.5461482261921388,0.3925233644859813
53,0.6000000000000001,0.09848418470165601,0.4469026548672567,0.09541062801932369,0.517241379310345,0.9242017308266188,0.5491328873333591,0.2202576683795977,0.24494652044533918,0.34748407186584757,0.034125576854458314,0.8554705434333248,0.018055890303518802,0.14432287542825248,0.2117544871857227,0.9216867469879516,0.0,0.8553513182260167,0.6302316131653799
55,0.6000000000000001,0.0746517129589065,0.5044247787610621,0.16252587991718426,0.5603448275862071,0.9056997911071316,0.9306357843563129,0.37380950708476424,0.36489586974223737,0.3591147402269422,0.3381193644730052,0.5234581536680145,0.046339060300587764,0.2465100022366355,0.3889374598568289,0.8885542168674697,0.0,0.6742087587086928,0.6911824461600975
56,0.2,0.01288004906685359,0.422566371681416,0.26828847481021395,0.517241379310345,0.6347358997314232,0.08670520308062411,0.15785776857260927,0.36459247831094005,0.29483566527680416,0.0054040539433187935,0.07358870371124554,0.003316102743679578,0.03213255855347615,0.1867029773251857,0.21084337349397586,0.10005621135469366,0.16130316658371804,0.05119869971556278
59,0.2,0.06624025234381846,0.40044247787610626,0.10196687370600414,0.4999999999999998,0.44583706356311525,0.3468207892011105,0.6946205759097537,0.7080471140357829,0.08973362004888435,0.043203809356785784,0.08793254086729822,0.0011292475368196258,0.2838203447401591,0.8635300775278485,0.3192771084337349,0.06070826306913997,0.4559086853726958,0.06542056074766356
60,0.2,0.0023657232979935163,0.4557522123893806,0.0774672187715666,0.4051724137931034,0.3968964488212472,0.10982658035684507,0.030919840293670033,0.1354260686369355,0.098334547695733,0.021633652958436545,0.06615993160387793,0.008605563974380408,0.05548485929471034,0.24269452951967957,0.24698795180722888,0.4461307850852539,0.17988189185367573,0.12637139374238116
61,0.2,0.015946727416104443,0.42699115044247793,0.2368875086266391,0.5344827586206897,0.6323485526708441,0.23121385946740697,0.049310746420582696,0.32215615436829637,0.1478237216915745,0.001187470408515973,0.08888761335505774,0.0011277041470536626,0.025799404024015822,0.13466430886387828,0.2499999999999999,0.08169383548810194,0.24822506489592122,0.09995936611133685
62,0.6000000000000001,0.05046876369052834,0.5376106194690267,0.1559696342305038,0.5775862068965518,0.7666368248284092,0.6734103656988227,0.2208432310533862,0.3891056364357194,0.11203125722780496,0.006413704255600208,0.9411946878152414,0.0038829470837333604,0.06927959591044752,0.1995895026420012,0.8343373493975902,0.0,0.7518413022957668,1.0
63,0.6000000000000001,0.14553579251730484,0.4380530973451328,0.010179434092477568,0.482758620689655,0.9424052521635331,0.3208092300110272,0.1762589131555151,0.42059463816229264,0.3387047668386849,0.7726855910332938,0.3825277229312473,0.05803952833009463,1.0,0.22731110563294482,0.6355421686746988,0.0,0.6038749780145404,0.5672490857375051
64,0.8,0.01568386927188294,0.03982300884955752,0.7758799171842652,0.10344827586206895,0.5980304386750221,0.2687861116308606,0.21823766834061187,0.0390794843407067,0.018144828957773,0.023575250683804443,0.004703657701200009,0.0,0.08896165834439693,0.16795457914518586,0.37650602409638545,0.094622447067641,0.36633268571045446,0.09183258837870786
65,0.8,0.022342942258827655,0.10619469026548675,0.24396135265700486,0.2155172413793105,0.6135481945687853,0.7774566313608883,0.10483419809871096,0.20625138167370718,0.06421275046500143,0.021925448348648575,0.016176903182746033,0.0002313546997715233,0.5240504210711956,0.1793815829703049,0.43975903614457823,0.1405283867341203,0.03656028052932124,0.2421779764323446
66,0.4000000000000001,0.03644966266538158,0.6261061946902655,0.5881642512077295,0.7068965517241377,0.6466726350343182,0.3815028681212215,0.21721426126487722,0.08235038325837418,0.06224376735757042,0.056105821775886223,0.00014854903621648496,0.0009347714151927039,0.03062169790848148,0.1536931653177234,0.1506024096385542,0.024170882518268693,0.024616812589381448,0.22592442096708656
67,0.6000000000000001,0.11372995706650312,0.5132743362831859,0.05175983436853,0.5948275862068966,0.927782751417487,0.6069363522002108,0.19589287051868576,0.3701745618213278,0.4702180495982802,0.1452040824498323,0.5642776025846609,0.023442290396035993,0.2623621663947495,0.18652368340924239,0.6777108433734939,0.04871650740116171,0.8533607580331796,0.6850873628606259
68,0.6000000000000001,0.08788223955138875,0.5309734513274337,0.24620427881297446,0.5775862068965518,0.9510593852581319,0.46531789217815644,0.3725249538700603,0.9999999999999999,0.6656450259834293,0.07125377373577778,0.02591683149925038,0.0002280927450748031,0.2869147726802423,0.2955017639588153,0.43975903614457823,0.0,0.27808373672323256,0.3986184477854531
69,0.6000000000000001,0.06588977481818978,0.39380530973451333,0.15562456866804697,0.4310344827586208,0.9615040286481644,0.5491328873333591,0.25000010227760294,0.2774028531796825,0.41059344718718493,0.036082616956182235,0.6694206538767716,0.0278026332461675,0.3417594293625413,0.33401975404917184,0.9518072289156626,0.0014989694584972833,0.5189436715345576,0.49613978057700125
70,0.2,0.0425830193638833,0.5000000000000001,0.16614906832298137,0.6206896551724139,0.7529095792300806,0.3294797497410549,0.2560998743440098,0.8298048269807143,0.1026352032752099,0.04153206088907156,0.05909709588964035,0.0009659196843648203,0.3059756545877419,0.32223587599251424,0.463855421686747,0.06782836799700206,0.2787472462410503,0.2706216984965461
71,1.0000000000000002,0.096381319547884,0.048672566371681415,0.09730848861283646,0.18103448275862055,1.0,0.5202311548999332,0.24437962043917857,0.2750482835108422,0.2321430274843945,0.006118476597034142,0.4014852402199903,0.002556632464528124,0.5400796400810502,0.08144712577278292,0.9999999999999999,0.01723814877271876,0.5269059755846713,0.6342950020316945
72,0.4000000000000001,0.024621046175414003,0.7389380530973452,0.3566252587991719,0.7241379310344824,0.8093106535362575,0.6502889508503495,0.2432307688806908,0.3107132179387587,0.1477012682431134,0.17872604358794755,0.0001729019883629319,0.0013056200737602446,0.052958065271108884,0.08712602092168525,0.2499999999999999,0.016863406408094438,0.04452259248928115,0.29906542056074764
73,0.6000000000000001,0.18610356610882325,0.418141592920354,0.3674948240165632,0.4999999999999998,0.6923306475678901,0.6098265543452858,0.6082777967509044,0.28111831493103556,0.6302670176432438,0.3708817127722851,0.13712276875377777,0.14384958636674908,0.027979479499273548,0.13107930356687564,0.4518072289156625,0.049278620948098185,0.3145776777453302,0.4250304754164974
74,0.0,0.005695259791465873,0.11061946902654868,0.12629399585921325,0.23275862068965503,0.45777379886601,0.17919074108724042,0.13498672373876347,0.018392959514821353,0.15118667050655374,0.07679098602040253,0.005857497445839642,0.04970067424808002,0.03118860513352882,0.16301196586152883,0.12951807228915657,0.5555555555555556,0.1831995185412236,0.047135310849248276
75,0.6000000000000001,0.016384824323140278,0.3207964601769912,0.5586611456176674,0.517241379310345,0.6991942703670544,0.42774564001470294,0.4771774026628665,0.0784010586675525,0.37526224699112093,0.359885794364657,0.04180282262920155,0.03671033531628578,0.008712941571675176,0.07381397413046925,0.27710843373493976,0.1386546749109987,0.41410657328990574,0.2950020316944332
76,1.0000000000000002,0.21571891702444582,0.07079646017699115,0.2751897860593513,0.1982758620689653,0.5299910474485228,0.6936415495004884,0.5124165959237666,0.07711104728675804,0.18888720603012288,0.014474625926835816,0.23974450046131637,0.0004582035421566029,0.2812123663904235,0.35159617641517005,0.2650602409638554,0.21172943601274127,0.7100391585735941,0.38845997561966683
77,0.6000000000000001,0.05484973276088671,0.4756637168141593,0.1176673567977916,0.5258620689655171,0.7350044762757384,0.7456646967823874,0.21994436467400474,0.34174563258940877,0.14183840068721987,0.017705236987896944,0.7469489979516908,0.008942053779351752,0.28412079648579125,0.134662577567141,0.8674698795180723,0.011054899756417463,0.8460619951402635,0.518488419341731
78,0.0,0.009375273810566897,0.3207964601769912,0.21394064872325746,0.3706896551724135,0.0,0.3872832435096391,0.04211373488176258,0.014016946432356757,0.028559373058050497,0.013903567819899664,0.05927635224002867,0.060297305971438134,0.02954349645061101,0.030882156560269106,0.21987951807228912,0.3308975079632753,0.30329773118797726,0.06745225518082082
79,0.0,0.000788574432664506,0.17256637168141595,0.5279503105590062,0.3017241379310345,0.39779170396896424,0.08670520308062411,0.048488750015839646,0.14698310111321802,0.005303941438916973,0.01802585922587343,0.08759687240976496,0.04131289280455278,0.04670796219593584,0.09530164947420827,0.0993975903614458,0.3027918306164512,0.4048171869253893,0.03900853311661926
80,0.4000000000000001,0.11092613686147376,0.6725663716814161,0.42512077294686,0.6465517241379308,0.7469412115786329,0.34971096244445304,0.531923167535171,0.4437669467337918,0.053516438054305865,0.24328100910469244,0.0009446429507957526,0.01616859073573431,0.17049106914318235,0.20665640817409583,0.34337349397590355,0.0020610830054337646,0.0,0.31938236489232025
81,0.6000000000000001,0.08113554718303688,0.5353982300884956,0.08919944789510008,0.4999999999999998,0.7532079976126527,0.6502889508503495,0.23355664460271822,0.4153561180940719,0.12694410085433774,0.017629356192041035,0.8545722107352963,0.015402692926947233,0.365734222191056,0.10456616044553847,0.8704819277108432,0.03747423646243208,0.8759206511478868,0.4595692807801707
82,0.6000000000000001,0.2029264873389994,0.45353982300884965,0.06366459627329195,0.4913793103448276,0.9447925992241117,0.6358380846336367,0.22630279612981868,0.26413597412964235,0.6328186023482789,0.04780101046045057,0.5786931166440428,0.022201661207221227,0.3706877846785638,0.23560021228081113,0.7259036144578311,0.0022484541877459247,0.8573418784188539,0.5713124746038196
83,0.0,0.04109348987996145,0.07079646017699115,0.18668046928916493,0.06034482758620685,0.4356908385556546,0.29768784406428644,0.022654751100420773,0.03826249548948894,0.03261700734178906,0.006735058166149453,0.029237351668986677,0.0067723170417434055,0.04235893431269842,0.10461107977996548,0.12650602409638556,0.8394228967584786,0.12945391874387827,0.03291344981714751
84,0.0,0.006571453605537547,0.08185840707964603,0.23067632850241548,0.1982758620689653,0.4437481348851089,0.18497108179357913,0.19721745237956811,0.07410928507454789,0.06449183664909401,0.1094212854188779,0.2621665418031156,0.0,0.11621864680297797,0.4443797751204629,0.06024096385542166,0.1727562300918119,0.2395992355082977,0.020723283218203985
85,1.0000000000000002,0.07868220450363621,0.29867256637168144,0.2815734989648033,0.4396551724137929,0.7153088630259621,0.4566473724481288,0.15064007957748338,0.6483249129397746,0.12960229946620716,0.04372621710233878,0.13893587651136416,0.00044892368331814816,0.6282850713209545,0.10452194011848241,0.43975903614457823,0.0477796514896009,0.05513900975420194,0.2950020316944332
86,0.0,0.03723823709804609,0.14380530973451328,0.5753968253968255,0.2068965517241379,0.3595941509997014,0.2023121270339811,0.3014196925446481,0.02691859784865375,0.09509047779972155,0.09973735826321235,0.001225163958490023,0.04075055079579674,0.09410276582612564,0.1662678212699748,0.015060240963855442,0.28367997002061085,0.08367062299664807,0.0593254774481918
87,0.0,0.02532200122667134,0.23451327433628322,0.634575569358178,0.3706896551724135,0.5261116084750816,0.28034680460423095,0.07778288179411633,0.08393461693941356,0.15557993442579238,0.5110806128447405,0.0,0.1510794187180552,0.10053970478532967,0.02075564562586359,0.08734939759036142,0.28274311410905006,0.0011279940872151563,0.02275497765136124
89,0.6000000000000001,0.02278103916586349,0.37168141592920356,0.12370600414078677,0.5517241379310345,0.6717397791703967,0.5086704908282953,0.2641774358810276,0.30687325483625794,0.04826493304549544,0.0042073618313800895,0.41073998794043703,0.00629307272910554,0.1730317875123331,0.4531835812463893,0.6385542168674699,0.15589282368371746,0.7571495049958391,0.4758228362454287
90,0.4000000000000001,0.015946727416104443,0.5309734513274337,0.14216701173222912,0.4655172413793103,0.6636824828409424,0.2947976708209439,0.25049205086303433,0.33132412605529493,0.19170447857967796,0.2129153435014654,0.00036792872244517313,0.040748529632535,0.21452672989706748,0.32192851920718024,0.40963855421686746,0.10267940790706391,0.04452259248928115,0.3539211702559935
91,0.0,0.12459476036099185,0.11283185840707965,0.19409937888198758,0.18965517241379315,0.22053118472097877,0.22254333973737922,0.08669769179985855,0.051098373208623954,0.006446750968956977,0.003244293378618028,0.06389507916505399,0.00023107540128156965,0.1581616354799183,0.07200365416750479,0.0662650602409639,0.543189057522953,0.15135027070138385,0.010564811052417716
92,0.8,0.08560413563480242,0.08185840707964603,0.3788819875776398,0.1724137931034484,0.5484929871680091,0.41040460055464734,0.20166852018194203,0.42475262968417815,0.2160892845131149,0.07129810282034092,0.3660908916312317,0.0,0.5370064854466674,0.09545392100393885,0.42469879518072284,0.2934232715008432,0.3384645898956723,0.3010971149939049
93,0.0,0.1421186366424253,0.334070796460177,0.11404416839199451,0.31034482758620663,0.4127126230975826,0.3265895764977123,0.05125739002140825,0.12373849161739403,0.06608421332763105,0.16371405168075584,0.08214972990504998,0.11607695713940086,0.13999058723383115,0.09128233644559838,0.20180722891566272,0.16488664043470116,0.3590338911781584,0.0938642828118651
94,0.8,0.007710505563830719,0.044247787610619475,0.5388198757763976,0.1637931034482758,0.6007162041181733,0.5924854859834978,0.3702810501092043,0.029214199295189317,0.2324291619326256,0.12400884251987548,0.019260079447791557,0.0,0.037266916009445775,0.13581003798339103,0.2530120481927711,0.12272812441446505,0.13476212144395458,0.19341731003657053
95,0.6000000000000001,0.09725751336195566,0.40486725663716816,0.09558316080055211,0.4310344827586208,0.9262906595046254,0.5057802886832202,0.21325011507032507,0.06918025325038524,0.3724556759043474,0.03902979327034343,0.49333768475728085,0.08169514709251863,0.24849935520077127,0.2752635834616941,0.8192771084337348,0.0,0.6363877353721973,0.6607070296627388
96,1.0000000000000002,0.1500920003504775,0.6349557522123894,0.05883367839889579,0.6379310344827587,0.9313637720083552,0.39017335894951677,0.2683486507703064,0.3896719574460961,0.42538221481404226,0.5071429686589327,0.48959644779067696,0.06179529676922238,0.2964557389389612,0.15872764055739244,0.6566265060240964,0.0,0.7040674147163162,0.485981308411215
97,0.2,0.01918864452816963,0.47787610619469034,0.1863354037267081,0.5689655172413792,0.724858251268278,0.2196531664940366,0.07634251901275796,0.2852142369281899,0.05132089517072888,0.0003972750717577056,0.09658810285729019,0.007922877710588505,0.07288123103007685,0.10741053646436441,0.2861445783132529,0.31609518456061464,0.3424457419207292,0.08370581064607885
98,0.0,0.0005257162884430037,0.0752212389380531,0.7755348516218082,0.10344827586206895,0.37421665174574725,0.049132945136823994,0.29965939472553094,0.009981199846722619,0.05302216961985484,0.08526075330160675,0.0012745866318162097,0.051102451221633025,0.018125207261114457,0.043930152579768386,0.0,0.6151395915308225,0.04319554181426214,0.0
99,0.0,0.010601945150267241,0.1504424778761062,0.8702553485162182,0.22413793103448265,0.35422262011339867,0.020231212703398116,0.1710313110086737,0.011027945934710754,0.03225378204359123,0.0839591243776233,0.02733276439112245,0.020047253276001438,0.07580627540138407,0.13759248908286237,0.07530120481927705,0.35207045156454936,0.7180014626237027,0.020723283218203985
100,0.8,0.03355822307894506,0.10398230088495578,0.6256038647342996,0.3017241379310345,0.6529394210683375,0.5982658613719155,0.314400059996443,0.02128301397299634,0.012732173883245823,0.02458668184425494,0.08357830541458558,0.1451479152726517,0.1246982333384496,0.16624667998375203,0.6234939759036143,0.10286677908937607,0.2508791662459594,0.7338480292563999
101,0.6000000000000001,0.04968018925786384,0.4491150442477877,0.34454796411318156,0.5344827586206897,0.7182930468516857,0.971098267566574,0.6825068968327904,0.2790375728759696,0.18476277917980652,0.02790104534938154,0.19489657225380516,0.007721914161910711,0.06736093126955076,0.2798898796883172,0.6987951807228915,0.011804384485666106,0.4074712882754267,0.6403900853311661
102,0.6000000000000001,0.10575659335845089,0.4646017699115045,0.018978605935127665,0.5258620689655171,0.9510593852581319,0.3930635610945918,0.18689089058205396,0.2860772395426517,0.41864879936345756,0.18508249052122022,0.4539717523195468,0.03036328577446298,0.5917428416635828,0.21020732137742537,0.7349397590361445,0.0,0.49041203456257304,0.534741974806989
103,0.4000000000000001,0.15210724612284238,0.5508849557522125,0.5120772946859905,0.4913793103448276,0.6908385556550285,0.16763005967456307,0.4556648263320553,0.34712843568079627,0.2567707490018997,0.5158616825783542,0.011084020595600604,0.0772211973518659,0.3346459523987483,0.43046952843904224,0.4337349397590361,0.008431703204047219,0.05049432448178955,0.09183258837870786
104,0.4000000000000001,0.013055287829667923,0.14380530973451328,0.7751897860593514,0.2844827586206893,0.4434497165025364,0.34971096244445304,0.05042990137623431,0.08096777336363575,0.22678500690518708,0.10238396639661249,0.0,0.0006705579014416264,0.014502370332845259,0.08764813813619207,0.16265060240963858,0.11617013303353944,0.021299183924372463,0.12433969930922392
105,0.2,0.03259440988346622,0.4557522123893806,0.1135265700483092,0.5431034482758619,0.8516860638615338,0.14739882384977893,0.05424816361098668,0.8112685452667957,0.39788668319347836,0.001217372721936029,0.298547670139895,0.020809824807780923,0.15908667851341002,0.2498710936764621,0.4186746987951807,0.07438635937792769,0.5282330262596902,0.11214953271028039
106,1.0000000000000002,0.007885744326645055,0.42477876106194695,0.06366459627329195,0.4310344827586208,0.434198746642793,1.0,0.12456344342682582,0.048300078173689726,0.009374262352263716,0.060632585743814936,0.16976065312671126,1.0,0.1562465808545343,0.6305003976073377,0.20783132530120485,1.0,0.09096940961909812,0.23608289313287287
108,0.2,0.016560063085954615,0.3893805309734514,0.4118357487922706,0.5258620689655171,0.8698895851984481,0.22254333973737922,0.1497094549996609,0.6278223475192201,0.09953356387488294,0.03244765224512657,0.08669303328773396,0.026934182950167335,0.3146352965073284,0.36025355966797573,0.4006024096385541,0.12291549559677721,0.4220688773400195,0.12840308817553842
109,1.0000000000000002,0.009988609480417068,0.09513274336283187,0.29761904761904767,0.22413793103448265,0.5872873769024172,0.566473955695147,0.14226653334230738,0.23159405124515614,0.07836727757265405,0.012677309260159711,0.2873410443534671,0.00022573593504290098,0.33384478681316115,0.2685517854716224,0.28915662650602403,0.06445568671538318,0.4539181251798593,0.41080861438439664
110,0.6000000000000001,0.09024796284938229,0.4646017699115045,0.23516218081435475,0.5258620689655171,0.821247388839152,0.6907514340606107,0.2828188325587318,0.42745977686111647,0.01901802701944756,0.0019904842119295874,0.9781524799307602,0.0024951979511627035,0.13914436677931175,0.1482521597785964,0.7771084337349398,0.0005621135469364812,0.7757282144461055,0.7175944737911419
111,0.6000000000000001,0.05528782966792255,0.41371681415929207,0.03692201518288475,0.4310344827586208,0.9197254550880332,0.5289017035316934,0.32574419436695556,0.4459301051762372,0.46686521960269195,0.0964697829743473,0.7414111505250861,0.02084227081587286,0.6919635883338207,0.3979778961995037,0.9036144578313251,0.0016863406408094436,0.7969610252464082,0.4270621698496546
112,0.4000000000000001,0.42328923157802506,0.7300884955752213,0.9289164941338856,0.7413793103448272,0.7884213667561921,0.42774564001470294,0.3826127609703619,0.7774972892877745,0.18609509039962224,0.5475892136983019,0.002401616665577712,0.020925142427480226,0.24903090654336957,0.23540307155642282,0.5060240963855421,0.008056960839422898,0.10423993218898019,0.16903697683868346
113,0.0,0.06238499956190309,0.16592920353982302,0.4189095928226364,0.22413793103448265,0.41748731721874033,0.1560693493601532,0.05374134533274315,0.2845431527624825,0.044643816665033434,0.012500835012728839,0.11142627661871651,0.1771844960691486,0.2796657326014465,0.11621306845027292,0.10843373493975905,0.29866966460558364,0.6138279055362584,0.01869158878504673
114,0.6000000000000001,0.04801542101112767,0.4513274336283187,0.1397515527950311,0.5431034482758619,0.7406744255446132,0.6676300192121375,0.36004120367545545,0.3330562469366668,0.0972465041859975,0.09186451688942165,0.6547501632699582,0.0032001029525715262,0.09177067236320802,0.3136907615817941,0.8102409638554214,0.0,0.7777187746389427,0.6261682242990655
116,0.0,0.0002628581442215023,0.08185840707964603,0.5255348516218081,0.1293103448275863,0.547597732020292,0.124277446573558,0.1082676238060557,0.01693084179063336,0.05891151426147265,0.06923553846530929,0.01855560144140491,0.03627633602233319,0.04948093466376703,0.36622650391758077,0.12951807228915657,0.3237774030354132,0.5925950314571867,0.08167411621292159
117,0.2,0.024796284938228337,0.3893805309734514,0.06521739130434785,0.8103448275862066,0.7036705461056396,0.2023121270339811,0.10335328792986764,0.4677631293377366,0.20878212511950955,0.09190025923616296,0.34335807702122934,0.0,0.4007438713341253,0.23886155062049153,0.5391566265060239,0.024358253700580854,0.702076854523479,0.19544900446972777
118,1.0000000000000002,0.011302900201524576,1.0000000000000002,0.04451345755693582,1.0000000000000002,0.5878842136675617,0.552023089478434,0.030612114394084306,0.9381288716717461,0.11360122057388626,0.17266959049875638,0.21255715913495782,0.004501383632596861,0.5183553989040167,0.4619058660063563,0.18072289156626498,0.030728873899194303,0.17523721449110913,0.6505485574969525
119,0.0,0.00420573030754403,0.2278761061946903,0.49258109040717746,0.3620689655172413,0.5869889585198447,0.0,0.045535397996285754,0.2555397579783005,0.029349872634425237,0.0024318404732145953,0.08716365949138294,0.0,0.3266144883408749,0.591953355944814,0.10843373493975905,0.03522578227468615,0.38889257882516104,0.26046322633075986
120,0.0,0.029440112152808205,0.14823008849557523,0.5695307108350588,0.2068965517241379,0.5320799761265294,0.10693641000367572,0.3417349834037944,0.0989490277353128,0.1228419472070541,0.13264273661882495,0.02163433704193218,0.015256837304930666,0.1416257484486785,0.03586396439646718,0.09337349397590355,0.25763537567922057,0.049167273806770544,0.03494514425030476
121,0.0,0.010163848243231403,0.14601769911504425,0.5904071773636992,0.18103448275862055,0.2990152193375111,0.41329477379798996,0.10931221905762989,0.0719209698522797,0.026300351545830377,0.018850577576423784,0.01920282875274058,0.0319994900307793,0.291867995263692,0.07376324743100701,0.12048192771084332,0.534944725501218,0.37694909111060637,0.028850060950832992
122,0.6000000000000001,0.06983264698151231,0.40707964601769914,0.18443754313319533,0.4999999999999998,0.820053715308863,0.552023089478434,0.1655676280888802,0.2619560048889975,0.13358952486088876,0.0024281441313266927,0.6658342999637569,0.01844746959808627,0.11536923828281087,0.13780310560757883,0.7650602409638553,0.0,0.7379072543883738,0.6180414465664364
123,0.6000000000000001,0.08455270305791641,0.40044247787610626,0.1532091097308489,0.517241379310345,0.9119665771411518,0.5462427718934814,0.24447866259378445,0.4084312575854379,0.3498635678057296,0.03262822450610483,0.5400938351783546,0.01201652772263943,0.1479540001551226,0.28477891420446266,0.8493975903614458,0.00936855911560802,0.788335180039094,0.6160097521332791
124,1.0000000000000002,0.0677297818277403,0.4513274336283187,0.045376121463078,0.4913793103448276,0.4327066547299312,0.6791906832837755,0.017492069160698034,0.07336660864661203,0.03875048448088594,0.002006792865961872,0.10321406324941935,0.0011434735992981377,0.33025254007803095,0.09862439133479707,0.13855421686746983,0.5066516769720817,0.12016455610889974,0.13043478260869568
125,1.0000000000000002,0.1116270919127311,0.05752212389380531,0.32505175983436857,0.2758620689655171,0.9713518352730524,0.5982658613719155,0.4994369664750676,0.2967789502002015,0.4097952257420766,0.014797986780063917,0.7338976743443345,0.002278895916637179,0.6367873142200178,0.13298046499407853,0.8373493975903615,0.0029979389169945666,0.6423594792294745,0.5002031694433158
126,0.6000000000000001,0.06010689564531674,0.48008849557522126,0.07142857142857144,0.4568965517241377,0.9689644882124737,0.6184971029770461,0.3014741603818328,0.47224180132734356,0.31979970970169197,0.0822206315163451,1.0,0.03565127803200186,0.47030312705897587,0.24972088082666782,0.8644578313253012,0.001311598276185123,0.8427443526330282,0.5713124746038196
127,0.8,0.007885744326645055,0.06858407079646017,0.3222912353347136,0.2155172413793105,0.7794688152790212,0.2514450721708051,0.11323430442356566,0.1177325006431,0.021457744193489423,0.004382106354695611,0.0010821799630478114,0.0,0.33145787503026525,0.0845153375190109,0.5301204819277108,0.13471988008244334,0.27078494219093585,0.1202763104429094
128,0.4000000000000001,0.11460615088057478,0.14380530973451328,0.28002070393374745,0.35344827586206873,0.5490898239331541,0.06647398170670628,0.20574951686667436,0.01838036880665268,0.18984508405630743,0.2988056951872285,0.0,0.07782659451689981,0.009212541932819392,0.16992000500954105,0.11445783132530118,0.24245830991193554,0.03257912454934129,0.03291344981714751
130,0.6000000000000001,0.055375449049329714,0.4092920353982301,0.013112491373360943,0.4655172413793103,0.9444941808415397,0.29768784406428644,0.2044274752338394,0.22415699759793406,0.5669537663034185,0.05139442878860179,0.5283808820767528,0.0049558598224409235,0.36659429666614723,0.155293827310383,0.7590361445783133,0.003185310099306727,0.5912680124215519,0.34173100365705
131,0.6000000000000001,0.054148777709629364,0.3849557522123894,0.0650448585231194,0.3965517241379308,0.975828111011638,0.47687855624979436,0.2208232300999183,0.23529358621442203,0.4564130151053662,0.05470282647258509,0.5068913436597492,0.02678289530784529,0.1848017918398263,0.21772173909682194,0.8192771084337348,0.0,0.7637847267315496,0.4392523364485981
132,0.4000000000000001,0.027950582668886354,0.5685840707964603,0.34403036576949625,0.663793103448276,0.654133094598627,0.398843907581277,0.24174699226504034,0.07448133847204268,0.03670014026370146,0.24424538510366411,0.0,0.0015659227403083608,0.017931009524019933,0.2976018829396913,0.15963855421686746,0.0035600524639310474,0.014663923628162295,0.2929703372612759
133,0.6000000000000001,0.011653377727153247,0.2676991150442478,0.83592132505176,0.4741379310344829,0.559534467323187,0.35838148217448074,0.6714206998921346,0.023213326919105656,0.5669261583486661,0.29757837006000687,0.002193679299127264,0.0,0.003471541881378196,0.09699483408807437,0.20481927710843373,0.29248641558928234,0.2163758170560821,0.11621292157659488
134,0.0,0.036887759572417425,0.13938053097345135,0.17529330572808832,0.22413793103448265,0.4950760966875558,0.17341040038090172,0.0990330391980103,0.004774755071307696,0.18080098358779267,0.047413765976570134,0.004612649166041372,0.009154329389322459,0.07091778109932831,0.1953159868822295,0.0662650602409639,0.5293235900318531,0.7465330995956879,0.04916700528240552
135,0.8,0.05169543503022869,0.17477876106194692,0.3354037267080746,0.3275862068965514,0.8042375410325273,0.47398844080991664,0.08926260016817752,0.15231109520564848,0.03104973595567694,0.001974604813895906,0.24209558053347452,0.0,0.3301497484025533,0.16795409544388276,0.7198795180722889,0.0,0.549465868699378,0.366111336854937
136,0.8,0.002102865153772014,0.037610619469026545,0.2634575569358178,0.06034482758620685,0.5631154879140556,0.7716762559724707,0.05126015218516926,0.1248414538840851,0.036587800717809475,0.015521751302996007,0.20638556936753805,0.0,0.07316360222398818,0.025080746359970655,0.15963855421686746,0.268690275435638,0.14272444131376033,0.19138561560341327
137,0.0,0.024095329886971,0.13938053097345135,0.5255348516218081,0.2586206896551724,0.4034616532378392,0.08381501827658853,0.0371140500171063,0.10992356605398534,0.011685855753032662,0.06067617061746936,0.04165553540094091,0.018303551711611854,0.13330976125258168,0.004326604042364287,0.12048192771084332,0.4785459996252576,0.16196669192122773,0.020723283218203985
138,0.2,0.3952510295277316,0.3650442477876107,0.08730158730158731,0.6034482758620692,0.7573858549686658,0.41329477379798996,0.06561678310595186,0.8386246557322433,0.09981495359001766,0.06978607252966267,0.11293750708675122,0.0035956999140878865,0.2502501541203236,0.1415880535572499,0.6024096385542167,0.0,0.44462873881534287,0.21373425436814306
139,0.4000000000000001,0.026811530710593185,0.5486725663716815,0.3678398895790201,0.4913793103448276,0.7845419277827514,0.6127167275886284,0.6844681133208351,0.23687796046851534,0.09309631318912677,0.21865566469480438,0.00017773114235646086,0.006263068710286274,0.15716977199695129,0.27791522810642505,0.503012048192771,0.020236087689713324,0.13940679880652115,0.3783015034538805
140,0.6000000000000001,0.047226846578463155,0.6637168141592922,0.31142167011732236,0.6293103448275861,0.8316920322291854,0.6705201924554801,0.6826198166543078,0.2923408125231496,0.3105630419049708,0.061035733691244855,0.0,0.00023031957379774086,0.060993467527723465,0.3479272577902762,0.47590361445783125,0.020798201236649806,0.13476212144395458,0.7947988622511175
141,0.6000000000000001,0.14816437395951984,0.3650442477876107,0.3659420289855073,0.517241379310345,0.5669949268874959,0.46820806542149906,0.3323349363625145,0.06681179003651584,0.534894047285244,0.822656360532004,0.0015901876806114399,0.000889470163458871,0.02786296156026661,0.1339490680053173,0.32831325301204817,0.0,0.32585759266329994,0.18122714343762703
142,0.0,0.014281959169368266,0.07079646017699115,0.4504830917874396,0.1637931034482758,0.4756789018203518,0.13005780173076292,0.06349634512389628,0.0162747858988335,0.08792138276398764,0.042940500256955,0.05530387110214034,0.0,0.17467539358489786,0.5730788886885996,0.033132530120481896,0.3350196739741428,1.0,0.03900853311661926
143,0.6000000000000001,0.07263646718654167,0.48672566371681425,0.14337474120082816,0.517241379310345,0.6645777379886599,0.6705201924554801,0.45211791927909845,0.3778680091252259,0.1761169978255262,0.012879136022906164,0.31669746259880066,0.010319838369625084,0.15518432206906801,0.16104858687951717,0.7771084337349398,0.008806445568671538,0.5507928877350128,0.37626980902072327
144,0.4000000000000001,0.19653027249627616,0.6548672566371683,0.6306073153899242,0.6724137931034482,0.7558937630558038,0.3612716554178234,0.1684107582764955,0.5031411643070721,0.16448145689396682,0.340626910326711,0.0,0.06917807148944338,0.3148840242319933,0.16739232946951368,0.5090361445783133,0.0005621135469364812,0.25751443544074637,0.11621292157659488
146,0.2,0.171821606939455,0.7544247787610621,0.03416149068322981,0.7155172413793103,0.8281110116383168,0.3468207892011105,0.2947476097730873,0.8258703466145441,0.9041704289798302,0.024682520839725525,0.5558661416342349,0.018600956782274903,0.2601663744590986,0.2949752786855897,0.6897590361445781,0.003747423646243208,0.6536394257868281,0.654611946363267
147,0.2,0.08315079295540173,0.5707964601769913,0.05659075224292616,0.586206896551724,0.7863324380781851,0.5462427718934814,0.1385359116491144,0.2966078713443876,0.6884324302463869,0.05554145914035388,0.27106306981508377,0.02489922415447274,0.1041565535417629,0.20926613892115495,0.6114457831325301,0.0,0.4578992772049162,0.6058512799674929
148,0.6000000000000001,0.046963988434241655,0.3207964601769912,0.6173222912353348,0.5431034482758619,0.6642793196060879,0.22832368622406435,0.6841737677382486,0.032835455362322324,0.7265849519948089,0.2374538215108824,0.0029303469043459257,0.004840429967107815,0.043577164521644306,0.30472765845964955,0.35542168674698793,0.040659546561738806,0.17059252130885125,0.15481511580658272
150,0.2,0.07745553316393586,0.5199115044247788,0.1899585921325052,0.5258620689655171,0.6923306475678901,0.3843930413645641,0.09859045125442623,0.23589545626616357,0.2984968168792736,0.014331543694846993,0.08633442170205671,0.0,0.11295730252874686,0.22939141645557978,0.39457831325301196,0.10623946037099495,0.273439043540974,0.31125558715969115
151,1.0000000000000002,0.024883904319635507,0.0,0.27070393374741203,0.1120689655172411,0.6860638615338699,0.5028901732433425,0.44232282666758466,0.19454315345810178,0.1332800969690887,0.009369208047152555,0.639236587325329,0.006034926162089366,0.4668758744419413,0.2145728554113131,0.5060240963855421,0.07101367809630879,0.57335278084972,0.4453474197480699
153,0.0,0.1857530885831946,0.13274336283185842,0.20186335403726707,0.1724137931034484,0.3491495076096687,0.23410403271074953,0.03967237518389613,0.03255246876194291,0.22508635558052423,0.021616758561883602,0.028471207939856885,0.050612746640109924,0.1488219979110146,0.004161937961681888,0.0662650602409639,0.5495596777215664,0.4326852827401715,0.04916700528240552
154,0.0,0.037763953386489094,0.29646017699115046,0.13595583160800556,0.2758620689655171,0.2963294538943597,0.23121385946740697,0.01929869539155116,0.05795021978321631,1.0,0.07175559838723024,0.012575734846658086,0.0547350831122153,0.029282372776574937,0.02185477130458312,0.0993975903614458,0.43170320404721757,0.3086059338880529,0.0898008939455506
