,train_or_test,predictions
0,-0.30644900435589395,train
1,-0.8664669007844049,train
2,1.3315820841508348,train
3,-0.6341290651290777,train
4,-0.7911195949333347,train
5,1.7138151656550655,train
6,-0.22158022811356382,train
7,-0.10973084020111307,train
8,-0.4925979608497227,train
9,-0.6185974264246207,train
10,-0.7171385743836263,train
11,-0.7341432522103615,train
12,-0.8307963409428292,train
13,-0.6845549211738362,train
14,-0.40236602577586167,train
15,0.5336010857182202,train
16,-0.7593180216123094,train
17,-0.7486910370303776,train
18,0.868528766288125,train
19,1.5553369311130698,train
20,-0.5946372841100568,train
21,1.6740878536383943,train
22,-0.5137187886136219,train
23,-0.7905546661840902,train
24,0.6313230569419696,train
25,0.7940639026667659,train
26,-0.7408854740790537,train
27,1.2611307536533656,train
28,-0.5964358718624369,train
29,-0.6455708986430082,train
30,-0.6281698646877598,train
31,-0.7406674969916878,train
32,-0.7225901050497091,train
33,-0.7953254006485498,train
34,-0.7857617797228642,train
35,-0.7824135940338279,train
36,-0.5121954724472779,train
37,1.3431870311218885,train
38,0.09874800742394563,train
39,-0.7571998428445738,train
40,-0.4154885899985792,train
41,-0.5585428715514582,train
42,-0.5618348423309015,train
43,1.0531691114362012,train
44,-0.728194303829876,train
45,-0.00870567588324081,train
46,-0.31032427447301963,train
47,-0.5299665826815788,train
48,1.2711223030823557,train
49,1.3426563456867129,train
50,-0.5123453149251624,train
51,-0.5139707380971915,train
52,1.720698558847972,train
53,0.9916826192160518,train
54,-0.4561409322192181,train
55,1.3800135597136594,train
56,1.7421033507476968,train
57,0.6807520951525846,train
58,-0.5628825104131737,train
59,1.2324785777661593,train
60,-0.7998006798874288,train
61,-0.7740436837420924,train
62,-0.25697602472816533,train
63,-0.5662352179760677,train
64,-0.4125226099828039,train
65,-0.6523865691120232,train
66,-0.8007774329371071,train
67,-0.7240401801091106,train
68,-0.023002680415511567,train
69,0.4275715678150769,train
70,0.47833458674484985,train
71,-0.397726381255655,train
72,1.7856856472286085,train
73,-0.6273211738236506,train
74,-0.6168116918360339,train
75,-0.8759885901536774,train
76,-0.5225265433273455,train
77,-0.7626302999112898,train
78,-0.4422876811965892,train
79,0.2930036045052338,train
80,1.7388115697098714,train
81,-0.8748160659546496,train
82,0.10825796624398781,train
83,-0.49382157384465813,train
84,-0.8966152245210359,train
85,0.9957366151576833,train
86,1.0070373200238656,train
87,-0.7113217835794977,train
88,-0.37243470022107794,train
89,-0.7029764055659925,train
90,-0.865636371700089,train
91,-0.8489035335744181,train
92,1.3520706872594404,train
93,-0.4815528709378979,train
94,1.230471961373822,train
95,-0.9089582562307605,train
96,-0.6725576432501346,train
97,-0.6621742787068283,train
98,1.4706810817456981,train
99,1.4288079171994763,train
100,0.2645464885420046,train
101,0.26878635467957046,train
102,1.0339060582727324,train
103,-0.6739616701272069,train
104,-0.7426405395881382,train
105,-0.7227904073834419,train
106,-0.7868744112654091,train
107,-0.8089488382934609,train
108,-0.8097920418923915,train
109,-0.683339876538205,train
110,-0.1699405048555588,train
111,1.1676678804748426,train
112,-0.5244873018957747,train
113,-0.5701919460758764,train
114,-0.36787866253664103,train
115,1.1258028033381677,train
116,1.1234827268609022,test
117,-0.565218162536964,test
118,-0.2727164391491807,test
119,0.7576151987774965,test
120,-0.33201591824216936,test
121,-0.7132579717489149,test
122,-0.7236209249589441,test
123,0.43969223696482373,test
124,-0.8113981620410281,test
125,0.12036699664863382,test
126,-0.6646497028778331,test
127,-0.3112851218487815,test
128,-0.6089857024350751,test
129,-0.5360186040651473,test
130,-0.9330708263698563,test
131,-0.49943197842590364,test
132,0.23771460164273195,test
133,-0.5451083284865589,test
134,-0.22850766992010973,test
135,-0.8768055620513314,test
136,0.9880210304023557,test
137,1.4554351645675339,test
138,-0.4510668928932319,test
139,-0.48107517555569956,test
140,1.6758345069845437,test
141,1.565622769211204,test
142,1.45877841299979,test
143,1.3512467369680756,test
144,-0.8783022114814435,test
145,-0.7399074391449918,test
146,1.4255366090581085,test
147,1.0632448240110666,test
148,1.1582927131807983,test
149,1.5407996905982935,test
150,-0.42522117263755127,test
151,-0.3349832846112713,test
152,-0.8695804068376517,test
153,0.7770969088159678,test
154,-0.6651865748055776,test
